{
    "K":
    {
        "fx": 2500.9218,
        "fy": 2236.0590,
        "u0": 882.5227,
        "v0": 653.7658,
        "w": 1920,
        "h": 1080
    },
    "Plane":
    [
        [[37.77237698458098, -1.4604281321060897, -54.17125606033411], [29.131263754800656, -1.4017434433625233, -64.61816334429689], [25.249648057735442, 5.008451114595161, -50.25707737382174], [51.266069694510726, 2.2976490026029412, -26.36741443002789], [50.01418577855443, 1.1326595498103362, -31.383441069833907]]
    ],
    "PlanePara":
    [
        [-0.3637602422612837, -0.8832378809558079, 0.2959211580720554, 28.480604381598]
    ]
}