{
    "K":
    {
        "fx": 1033.0938,
        "fy": 1036.5565,
        "u0": 645.722,
        "v0": 363.978,
        "w": 1280,
        "h": 720
    },
    "Plane":
    [
        [[-7.0436026154778135, 1.3033232826052201, 23.52961825863716], [-2.0139631998401173, 1.1683037859368604, 21.498385776198127], [1.889005262996313, 1.0741583155292558, 1.2547057953066747], [-1.3499253749519122, 1.1617462384043156, 1.439446997542658]],
        [[1.9941435800296476, 1.235053510904652, 12.969860030394248], [5.536304156763609, 1.0730629016080024, 9.45731891842589], [3.0688672588087673, 1.153711145510953, 6.463577323162654], [2.65496058385734, 1.1690873286256211, 6.273630536371497]],
        [[-0.28200027567598707, 1.1257872252804535, 13.8130738421345], [1.4541295307916886, 1.0794879098162324, 12.573301746958698], [2.626346356677721, 1.0537998837455624, 1.9486843611106885], [2.0490487652339295, 1.0700034745264846, 0.9415727685717834]],
        [[3.6818928767154815, -2.906693252924799, 18.361985912111905], [11.638218405866532, -3.06222357272612, 15.70345913906764], [11.286226625095772, -1.4395881348206774, 15.387624249541314], [3.6103102799191618, -1.3638589066136282, 17.972392407026764]],
        [[2.3393949472437248, -2.910904526444955, 21.034651636342222], [3.5506601044692467, -2.791074514566933, 17.849302147573145], [3.547429234086538, -1.3624939717877853, 17.899716877560117], [2.3252808988232996, -1.4310773835527573, 21.11522158572866]],
        [[0.5843054266520161, -3.0026171695716024, 33.273698046883815], [2.1217027182651225, -2.669659310491327, 19.311719579036215], [2.3065644315112896, -1.4176742229604804, 20.90552538479653], [0.6834463734391856, -1.533945951031971, 36.28123349341501]]
    ],
    "PlanePara":
    [
        [-0.027064788388931057, -0.9996335194848446, -0.0005691676424002619, 1.125604323084415],
        [-0.0398320660240419, -0.9991888959147042, 0.005912427336631572, 1.2367992577015703],
        [-0.027064788388931057, -0.9996335194848446, -0.0005691676424002619, 1.125604323084415],
        [-0.3114864268482372, -0.24621284229132598, -0.9177992384939881, 17.283811136108095],
        [-0.9347818654675065, 0.01041633599338066, -0.3550695198655631, 9.685908589497267],
        [-0.9583807894192254, 0.2677244464980848, -0.09914576753183427, 4.66280744730669]
    ]
}